Therapeutic Class,Prescriptions,Days Supply,Allowed Amount,Payer Paid,Patient Out of Pocket,Year,Generic v Brand,Average Cost per Prescription,Average Cost per Days Supply,Patient Out of Pocket per Prescription,Payer Paid per Prescription,Patient Out of Pocket per Days Supply,Payer Paid per Days Supply
Anti-Infective Agents,878765,13870115,32023158.68,23635023.880000003,8388134.8,2022,Generic,36.44109480919244,2.3087882602271144,9.545367419048324,26.895727390144124,0.6047631760803713,1.704025084146743
Antihistamines & Comb.,24891,1093839,492910.17,279611.35000000003,213298.82,2022,Generic,19.80274677594311,0.45062405893371876,8.56931501345868,11.233431762484434,0.19500019655543457,0.2556238623782842
Antineoplastic Agents,50368,2608120,16164118.56,15931034.02,233084.54,2022,Generic,320.92039707750956,6.1976130546140515,4.6276314326556545,316.2927656448539,0.08936879438062666,6.108244260233425
Autonomic Drugs,444765,11153134,18769723.66,12089219.8,6680503.859999999,2022,Generic,42.201440446078266,1.6829102618151992,15.020300293413374,27.18114015266489,0.5989799692176208,1.0839302925975784
Blood Form/Coagul Agents,40136,2216337,2490840.73,1785245.1500000001,705595.5800000001,2022,Generic,62.06001420171417,1.1238546890657874,17.5801171018537,44.47989709986048,0.3183611427323553,0.8054935463334322
Cardiovascular Agents,1829735,119804072,32599390.41,14729082.790000001,17870307.62,2022,Generic,17.816454519370293,0.2721058630628181,9.766609711242339,8.049844808127954,0.14916277319856042,0.12294308986425771
Central Nervous System,3166603,127565888,75341889.89999999,38233940.85,37107949.050000004,2022,Generic,23.79265411546695,0.5906115739969606,11.718535304236118,12.074118811230838,0.29089241357376044,0.2997191604232003
Dental Agents,23269,1215068,220552.05000000002,95363.24000000002,125188.81,2022,Generic,9.478363917658688,0.1815141621703477,5.380068331256178,4.098295586402511,0.10303029130879918,0.07848387086154851
"Electrolytic, Caloric, Water",280730,18029974,5192208.079999999,2188122.36,3004085.72,2022,Generic,18.495380187368642,0.2879764596443677,10.700978591529228,7.794401595839418,0.16661619811542713,0.12136026152894064
"Eye, Ear, Nose Throat",215383,7000032,10544947.35,6670505.41,3874441.94,2022,Generic,48.959051317884885,1.5064141635352524,17.988615350329415,30.97043596755547,0.553489175478055,0.9529249880571975
Gastrointestinal Drugs,310830,14272853,17184914.810000002,13245929.56,3938985.25,2022,Generic,55.287182093105564,1.2040280110780937,12.67247450374803,42.61470758935753,0.27597742721795004,0.9280505838601435
Heavy Metal Antagonists,115,4177,566300.36,551807.98,14492.38,2022,Generic,4924.350956521739,135.5758582714867,126.02069565217391,4798.330260869565,3.4695666746468756,132.10629159683984
Hormones & Synthetic Subst,1118597,64471341,43337054.87,31709371.09,11627683.78,2022,Generic,38.74233067851961,0.6721909952206515,10.394881963745656,28.347448714773954,0.18035430316239273,0.49183669205825886
Immunosuppressants,18884,989342,4139567.11,3410226.0,729341.11,2022,Generic,219.21028966320694,4.184161907611322,38.62217273882652,180.58811692438042,0.737198168075347,3.4469637395359745
Misc Therapeutic Agents,148926,8887772,19355352.25,16980431.14,2374921.11,2022,Generic,129.96623994467052,2.177750762508309,15.946987832883444,114.01925211178707,0.26721220008794105,1.9105385624203681
Missing,13,990,37.54,25.09,12.45,2022,Generic,2.8876923076923076,0.037919191919191915,0.9576923076923076,1.93,0.012575757575757575,0.025343434343434345
Oxytocics,93,297,14214.569999999998,11590.430000000002,2624.14,2022,Generic,152.8448387096774,47.86050505050504,28.216559139784945,124.6282795698925,8.835488215488216,39.02501683501684
Pharmaceutical Aids/Adjuvants,14971,129165,333018.32,295020.46,37997.86,2022,Generic,22.24422683855454,2.578239615995045,2.5380976554672365,19.706129183087302,0.2941807765261487,2.2840588394688965
Respiratory Tract Agents,118238,4151487,2180073.1799999997,1211865.24,968207.9400000001,2022,Generic,18.43800791623674,0.5251306772729867,8.18863597151508,10.249371944721663,0.23321955241579706,0.29191112485718973
Skin & Mucous Membrane,470909,11809563,21720006.19,12892144.9,8827861.29,2022,Generic,46.12357417250467,1.8391879691060542,18.74642720780448,27.377146964700188,0.7475180317849186,1.0916699373211354
Smooth Muscle Relaxants,18764,1048856,1217551.5,681838.1699999999,535713.33,2022,Generic,64.88763056917502,1.1608376173659682,28.550060221701127,36.337570347473886,0.5107596562349836,0.6500779611309846
Unknown,47279,2468108,2968927.5600000005,2697506.7600000002,271420.8,2022,Generic,62.79590431269698,1.2029163877755757,5.740832081896825,57.05507223080015,0.10997120061196673,1.0929451871636089
Vitamins & Comb,87071,5056636,4104563.2600000002,3223343.61,881219.65,2022,Generic,47.14041713084724,0.8117181580797985,10.120702070723892,37.019715060123346,0.17426993954083309,0.6374482185389654
Anti-Infective Agents,36057,1320532,97471302.44,94100083.07000001,3371219.37,2022,Brand,2703.256023518318,73.81214725580297,93.49694566935686,2609.7590778489616,2.5529251619801716,71.2592220938228
Antihistamines & Comb.,119,2919,66938.11,57228.899999999994,9709.21,2022,Brand,562.5051260504201,22.931863651935593,81.58999999999999,480.9151260504201,3.3262110311750597,19.605652620760534
Antineoplastic Agents,14450,440377,175670349.73,174473175.54,1197174.19,2022,Brand,12157.117628373702,398.9090023548005,82.8494249134948,12074.268203460208,2.7185211534662344,396.1904812013343
Autonomic Drugs,47196,1329381,12134096.8,9955933.0,2178163.8,2022,Brand,257.10011017882874,9.127629174781346,46.15144927536232,210.9486609034664,1.6384797134907148,7.489149461290631
Blood Derivatives,76,2120,790041.26,786742.79,3298.4700000000003,2022,Brand,10395.279736842105,372.6609716981132,43.40092105263158,10351.878815789474,1.5558820754716982,371.1050896226415
Blood Form/Coagul Agents,58838,2847970,51703670.53,46063480.15,5640190.38,2022,Brand,878.7462274380503,18.154569932267545,95.85965498487371,782.8865724531765,1.9804247867779505,16.174145145489593
Cardiovascular Agents,18156,822943,29406374.28,27447719.59,1958654.69,2022,Brand,1619.6504890945143,35.73318477707448,107.87919640890064,1511.7712926856136,2.380061182852275,33.3531235942222
Central Nervous System,140111,4655138,102336177.08,89590765.94,12745411.14,2022,Brand,730.3935956491639,21.983489443277513,90.96652753887989,639.4270681102839,2.7379233741298328,19.24556606914768
Contraceptive Cream/Foam/Devic,671,58135,398991.55,398395.87,595.68,2022,Brand,594.6222801788375,6.863189988819128,0.8877496274217584,593.7345305514158,0.010246495226627676,6.8529434935925
Dental Agents,3259,117352,31731.57,1576.4,30155.170000000002,2022,Brand,9.736597115679656,0.2703964994205467,9.252890457195459,0.48370665848419764,0.2569634092303497,0.013433090190197014
Devices & Non-Drug Items,22786,909413,538649.13,294247.95,244401.18,2022,Brand,23.639477310629335,0.5923041896256156,10.72593610111472,12.913541209514614,0.2687460812634084,0.3235581083622073
Diagnostic Agents,133069,6526593,17795635.38,12871093.44,4924541.9399999995,2022,Brand,133.7323898128039,2.7266347664087522,37.0074317835108,96.72495802929306,0.7545348606845869,1.9720999057241657
"Electrolytic, Caloric, Water",5177,105275,9140417.450000001,8914496.790000001,225920.66,2022,Brand,1765.5818910565968,86.82419805271908,43.639300753332044,1721.9425903032645,2.146004844454999,84.67819320826408
Enzymes,224,6263,7989558.859999999,7957293.85,32265.010000000002,2022,Brand,35667.673482142854,1275.676011496088,144.04022321428573,35523.63325892857,5.151686092926713,1270.5243254031614
"Eye, Ear, Nose Throat",22595,863609,8574254.53,6858458.819999999,1715795.71,2022,Brand,379.4757481743748,9.928398766108273,75.93696437264882,303.538783801726,1.9867737714637064,7.941624994644567
Gastrointestinal Drugs,32131,927681,21677821.060000002,19412646.19,2265174.87,2022,Brand,674.6699779029599,23.367753635139668,70.49811303725375,604.1718648657061,2.4417605513102028,20.925993083829464
Heavy Metal Antagonists,98,3038,1184472.35,1174092.1500000001,10380.2,2022,Brand,12086.45255102041,389.8855661619487,105.92040816326531,11980.532142857144,3.416787360105333,386.46877880184337
Hormones & Synthetic Subst,485109,22943853,326284157.78999996,292599050.94,33685106.85,2022,Brand,672.5996792267304,14.220983624241315,69.4382228530083,603.1614563737222,1.4681538820005515,12.752829742240765
Immunosuppressants,93558,2999644,702624166.76,683815590.8100001,18808575.95,2022,Brand,7510.0383372881,234.23585157438683,201.0365329528207,7309.001804335279,6.270269388634118,227.96558218575274
Misc Therapeutic Agents,14030,462775,75286309.84,72947224.06,2339085.78,2022,Brand,5366.09478545973,162.6844791529361,166.7202979330007,5199.374487526728,5.054477402625466,157.63000175031064
Missing,20,541,1376.71,444.54999999999995,932.16,2022,Brand,68.8355,2.544750462107209,46.608,22.2275,1.7230314232902033,0.8217190388170055
Oxytocics,24,720,871482.64,870342.64,1140.0,2022,Brand,36311.776666666665,1210.3925555555556,47.5,36264.276666666665,1.5833333333333333,1208.8092222222222
Pharmaceutical Aids/Adjuvants,4652,79311,2358101.78,2216721.81,141379.97,2022,Brand,506.9006405846947,29.732342045870052,30.39122312983663,476.5094174548581,1.782602287198497,27.94973975867156
Respiratory Tract Agents,6351,180342,48607713.57,47770514.870000005,837198.7,2022,Brand,7653.55275862069,269.53074475163857,131.8215556605259,7521.731202960164,4.642283550143616,264.888461201495
"Serums, Toxoids, Vaccines",832509,1447075,45146022.32,44570286.910000004,575735.41,2022,Brand,54.22886998218638,31.198121949449753,0.6915665896705021,53.53730339251588,0.39786148610127325,30.800260463348483
Skin & Mucous Membrane,13805,556860,5152359.75,4056116.8899999997,1096242.86,2022,Brand,373.22417602318,9.252522626872103,79.40911698659906,293.8150590365809,1.968614840354847,7.283907786517257
Smooth Muscle Relaxants,4226,184906,1828869.07,1515167.57,313701.5,2022,Brand,432.76598911500236,9.890804354645063,74.23130619971604,358.53468291528634,1.696545812466875,8.194258542178188
UNKNOWN,84,4587,52514.34,49288.86,3225.48,2022,Brand,625.1707142857142,11.448515369522562,38.39857142857143,586.7721428571429,0.7031785480706344,10.745336821451929
Unknown,192158,3860243,15814760.68,15698108.669999998,116652.01,2022,Brand,82.30081849311505,4.096830349799222,0.6070629898312846,81.69375550328374,0.03021882560242969,4.066611524196793
Vitamins & Comb,7144,416543,346993.69,305239.72,41753.97,2022,Brand,48.571345184770436,0.8330320999272585,5.844620660694289,42.72672452407615,0.10023927901801255,0.7327928209092458
~Missing,41618,335948,1253539.8499999999,1191991.92,61547.92999999999,2022,Brand,30.120136719688592,3.7313508340576513,1.4788776490941418,28.64125907059445,0.1832067165156512,3.5481441175420003
